Workbook

Sheet Instructions
B1: HilotSpa — Timing Study
B2: Fieldwork. One afternoon at the spa with a phone stopwatch. Target: 10 clients minimum.
B4: Why this exists and why it is urgent
B5: Your paper's Significance section states that manual assessment consumes 10-15 minutes of appointment time. Right now that number is not measured at Hilotin Spa. If a panelist asks where it came from, you need an answer better than 'the literature'.
B6: This is also the ONLY baseline that cannot be collected later. The moment staff start using the digital intake, the manual workflow stops existing and there is no way to reconstruct it. Everything else in your thesis can be redone. This cannot.
B8: Scope — deliberately small
B9: 10 observations is enough to state a defensible mean and range. 20 is better. This is realistically one afternoon, not a research programme. Do not let it become one.
B11: Time these five moments
B12: ARRIVAL — client reaches the reception desk (not when they enter the building)
B13: FORM STARTED — pen touches paper, or staff begins asking intake questions aloud
B14: FORM COMPLETED — client hands the form back, or the last question is answered
B15: REVIEW DONE — staff finishes reading the form and identifying contraindications
... B29: HilotSpa_TreatmentHistory_Review.xlsx covers the complaint-and-service records the spa already has. That one is desk work and can be done any time. This one has a deadline.

Sheet Summary
A1: Timing Study — Summary
A2: All live formulas. Nothing here needs typing.
A4: Metric | B4: Intake | C4: Staff review | D4: Total admin
A5: Observations (n) | B5: =COUNT('Timing Log'!$J$5:$J$29) -> 1 | C5: =COUNT('Timing Log'!$K$5:$K$29) -> 1 | D5: =COUNT('Timing Log'!$L$5:$L$29) -> 1
A6: Mean minutes | B6: =IFERROR(AVERAGE('Timing Log'!$J$5:$J$29),"") -> 12 | C6: =IFERROR(AVERAGE('Timing Log'!$K$5:$K$29),"") -> 4 | D6: =IFERROR(AVERAGE('Timing Log'!$L$5:$L$29),"") -> 24
A7: Shortest | B7: =IFERROR(MIN('Timing Log'!$J$5:$J$29),"") -> 12 | C7: =IFERROR(MIN('Timing Log'!$K$5:$K$29),"") -> 4 | D7: =IFERROR(MIN('Timing Log'!$L$5:$L$29),"") -> 24
A8: Longest | B8: =IFERROR(MAX('Timing Log'!$J$5:$J$29),"") -> 12 | C8: =IFERROR(MAX('Timing Log'!$K$5:$K$29),"") -> 4 | D8: =IFERROR(MAX('Timing Log'!$L$5:$L$29),"") -> 24
A9: Std deviation | B9: =IFERROR(STDEV('Timing Log'!$J$5:$J$29),"") | C9: =IFERROR(STDEV('Timing Log'!$K$5:$K$29),"") | D9: =IFERROR(STDEV('Timing Log'!$L$5:$L$29),"")
A11: Booking incidents logged | B11: =COUNTA('Booking Incidents'!$B$5:$B$24) -> 0
A13: Sentence for Chapter IV
A14: =IF($B$5=0,"Enter observations in the Timing Log to generate this.","Across "&TEXT($B$5,"0")&" observed clients at Hilotin Spa, manual intake averaged "&TEXT($B$6,"0.0")&" minutes (range "&TEXT($B$7,"0.0")&"-"&TEXT($B$8,"0.0")&"), and total pre-service administrative time averaged "&TEXT($D$6,"0.0")&" minutes.") -> Across 1 observed clients at Hilotin Spa, manual intake averaged 12.0 minutes (range 12.0-12.0), and total pre-service administrative time averaged 24.0 minutes.

Sheet Timing Log
A1: Timing Log — manual intake at Hilotin Spa
A2: YELLOW = type here. GREY = calculated. Times in 24-hour HH:MM. Row 5 is an example — overwrite or delete.
A4: Obs # | B4: Date | C4: Client type | D4: New client? | E4: Arrival | F4: Form started | G4: Form completed | H4: Review done | I4: Service started | J4: Intake mins | K4: Review mins | L4: Total admin mins | M4: Notes
A5: 1 | B5: 2026-08-18 | C5: Walk-in | D5: Yes | E5: 14:02 | F5: 14:05 | G5: 14:17 | H5: 14:21 | I5: 14:26 | J5: =IF(OR($F5="",$G5=""),"",($G5-$F5)*1440) -> 12 | K5: =IF(OR($G5="",$H5=""),"",($H5-$G5)*1440) -> 4 | L5: =IF(OR($E5="",$I5=""),"",($I5-$E5)*1440) -> 24 | M5: EXAMPLE - delete or overwrite. Staff answered phone twice during intake.
A6: 2 | J6: =IF(OR($F6="",$G6=""),"",($G6-$F6)*1440) | K6: =IF(OR($G6="",$H6=""),"",($H6-$G6)*1440) | L6: =IF(OR($E6="",$I6=""),"",($I6-$E6)*1440)
A7: 3 | J7: =IF(OR($F7="",$G7=""),"",($G7-$F7)*1440) | K7: =IF(OR($G7="",$H7=""),"",($H7-$G7)*1440) | L7: =IF(OR($E7="",$I7=""),"",($I7-$E7)*1440)
A8: 4 | J8: =IF(OR($F8="",$G8=""),"",($G8-$F8)*1440) | K8: =IF(OR($G8="",$H8=""),"",($H8-$G8)*1440) | L8: =IF(OR($E8="",$I8=""),"",($I8-$E8)*1440)
A9: 5 | J9: =IF(OR($F9="",$G9=""),"",($G9-$F9)*1440) | K9: =IF(OR($G9="",$H9=""),"",($H9-$G9)*1440) | L9: =IF(OR($E9="",$I9=""),"",($I9-$E9)*1440)
A10: 6 | J10: =IF(OR($F10="",$G10=""),"",($G10-$F10)*1440) | K10: =IF(OR($G10="",$H10=""),"",($H10-$G10)*1440) | L10: =IF(OR($E10="",$I10=""),"",($I10-$E10)*1440)
A11: 7 | J11: =IF(OR($F11="",$G11=""),"",($G11-$F11)*1440) | K11: =IF(OR($G11="",$H11=""),"",($H11-$G11)*1440) | L11: =IF(OR($E11="",$I11=""),"",($I11-$E11)*1440)
A12: 8 | J12: =IF(OR($F12="",$G12=""),"",($G12-$F12)*1440) | K12: =IF(OR($G12="",$H12=""),"",($H12-$G12)*1440) | L12: =IF(OR($E12="",$I12=""),"",($I12-$E12)*1440)
A13: 9 | J13: =IF(OR($F13="",$G13=""),"",($G13-$F13)*1440) | K13: =IF(OR($G13="",$H13=""),"",($H13-$G13)*1440) | L13: =IF(OR($E13="",$I13=""),"",($I13-$E13)*1440)
A14: 10 | J14: =IF(OR($F14="",$G14=""),"",($G14-$F14)*1440) | K14: =IF(OR($G14="",$H14=""),"",($H14-$G14)*1440) | L14: =IF(OR($E14="",$I14=""),"",($I14-$E14)*1440)
A15: 11 | J15: =IF(OR($F15="",$G15=""),"",($G15-$F15)*1440) | K15: =IF(OR($G15="",$H15=""),"",($H15-$G15)*1440) | L15: =IF(OR($E15="",$I15=""),"",($I15-$E15)*1440)
A16: 12 | J16: =IF(OR($F16="",$G16=""),"",($G16-$F16)*1440) | K16: =IF(OR($G16="",$H16=""),"",($H16-$G16)*1440) | L16: =IF(OR($E16="",$I16=""),"",($I16-$E16)*1440)
A17: 13 | J17: =IF(OR($F17="",$G17=""),"",($G17-$F17)*1440) | K17: =IF(OR($G17="",$H17=""),"",($H17-$G17)*1440) | L17: =IF(OR($E17="",$I17=""),"",($I17-$E17)*1440)
... A29: 25 | J29: =IF(OR($F29="",$G29=""),"",($G29-$F29)*1440) | K29: =IF(OR($G29="",$H29=""),"",($H29-$G29)*1440) | L29: =IF(OR($E29="",$I29=""),"",($I29-$E29)*1440)

Sheet Booking Incidents
A1: Booking Incidents — manual scheduling failures
A2: Anything that goes wrong with the logbook while you are there. Crossed-out or duplicated entries count. Your paper argues manual scheduling causes booking errors — this is where you evidence it locally.
A4: Date | B4: Incident type | C4: What happened | D4: Time lost (mins)
