Workbook

Sheet Instructions
B1: HilotSpa — Treatment History Review
B2: Desk work. Uses records Hilotin Spa already has. No fieldwork, no scheduling, no stopwatch.
B4: What this is for
B5: The spa already records, for each past client, the complaint they presented with and the service they received. That pairing is the single most useful piece of existing data you have.
B6: Every row is a real decision a real practitioner made: this complaint, that treatment. Aggregate a few hundred of them and you have the evidence base for your ServiceProtocol table — derived from actual practice, not invented by you and not guessed by an AI.
B8: Three things it gives you
B9: 1. SEED DATA for Sprint 2. The AI's recommendations have to come from somewhere defensible. They come from here, after the spa's practitioner reviews and signs the Protocol Draft tab.
B10: 2. VALIDATION of your paper's 24-item complaint list. If clients routinely present with something not on the list, you want to know before defense, not during it.
B11: 3. A REAL EVALUATION METRIC. In Sprint 4 you can measure how often the AI recommends what a practitioner historically chose for the same complaint. That is a defensible answer to your fourth objective (AI reliability), which the CUQ questionnaire cannot give you on its own.
B13: What it CANNOT give you
B14: Durations. These records do not say how long an intake took. Your paper's 10-15 minute claim needs the separate timing study — see the companion workbook, HilotSpa_TimingStudy.xlsx.
B16: Before you start
... B29: The Summary tab writes your Chapter IV sentence as data goes in.

Sheet Summary
A1: Treatment History — Summary
A2: All live formulas. Nothing here needs typing.
A4: Records reviewed (n) | B4: =COUNTA('Treatment History'!$C$5:$C$154) -> 1
A5: Distinct complaints seen | B5: =SUMPRODUCT(--('Protocol Draft'!$B$5:$B$29>0)) -> 1
A6: Illegible / partly legible | B6: =COUNTIF('Treatment History'!$F$5:$F$154,"No")+COUNTIF('Treatment History'!$F$5:$F$154,"Partly") -> 0
A7: Most common complaint | B7: =IF(SUM('Protocol Draft'!$B$5:$B$29)=0,"",INDEX('Protocol Draft'!$A$5:$A$29,MATCH(MAX('Protocol Draft'!$B$5:$B$29),'Protocol Draft'!$B$5:$B$29,0))) -> Lower Back Pain
A8: Complaints never seen | B8: =SUMPRODUCT(--('Protocol Draft'!$B$5:$B$29=0)) -> 24
A9: Protocols signed off | B9: =COUNTIF('Protocol Draft'!$H$5:$H$29,"Yes") -> 0
A11: Sentence for Chapter IV
A12: =IF($B$4=0,"Enter records in Treatment History to generate this.","A review of "&TEXT($B$4,"0")&" archived treatment records at Hilotin Spa identified "&TEXT($B$5,"0")&" distinct presenting complaints, most frequently "&$B$7&". These records form the evidence base for the service protocols subsequently reviewed and signed by the establishment practitioner.") -> A review of 1 archived treatment records at Hilotin Spa identified 1 distinct presenting complaints, most frequently Lower Back Pain. These records form the evidence base for the service protocols subsequently reviewed and signed by the establishment practitioner.

Sheet Treatment History
A1: Treatment History — from the spa's existing records
A2: One row per past client record. No names. 150 rows available — add more by copying a row down.
A4: Rec # | B4: Date | C4: Complaint | D4: If 'Others', specify | E4: Service availed | F4: Legible? | G4: Notes
A5: 1 | B5: 2026-05-04 | C5: Lower Back Pain | E5: Hilot (60 min) | F5: Yes | G5: EXAMPLE ROW - overwrite or delete.
A6: 2
A7: 3
A8: 4
A9: 5
A10: 6
A11: 7
A12: 8
A13: 9
A14: 10
A15: 11
A16: 12
A17: 13
... A154: 150

Sheet Protocol Draft
A1: Service Protocol Draft — for the practitioner to review and sign
A2: Counts are automatic. Fill columns D-H with the spa's bone setter, then have them sign at the bottom.
A4: Complaint (Appendix A) | B4: Times seen | C4: % of records | D4: Service(s) historically availed | E4: Proposed rule | F4: Rationale | G4: Authored by | H4: Signed?
A5: Neck Pain | B5: =COUNTIF('Treatment History'!$C$5:$C$154,$A5) -> 0 | C5: =IF(COUNTA('Treatment History'!$C$5:$C$154)=0,"",$B5/COUNTA('Treatment History'!$C$5:$C$154)) -> 0
A6: Shoulder Pain | B6: =COUNTIF('Treatment History'!$C$5:$C$154,$A6) -> 0 | C6: =IF(COUNTA('Treatment History'!$C$5:$C$154)=0,"",$B6/COUNTA('Treatment History'!$C$5:$C$154)) -> 0
A7: Upper Back Pain | B7: =COUNTIF('Treatment History'!$C$5:$C$154,$A7) -> 0 | C7: =IF(COUNTA('Treatment History'!$C$5:$C$154)=0,"",$B7/COUNTA('Treatment History'!$C$5:$C$154)) -> 0
A8: Lower Back Pain | B8: =COUNTIF('Treatment History'!$C$5:$C$154,$A8) -> 1 | C8: =IF(COUNTA('Treatment History'!$C$5:$C$154)=0,"",$B8/COUNTA('Treatment History'!$C$5:$C$154)) -> 1
A9: Elbow Pain | B9: =COUNTIF('Treatment History'!$C$5:$C$154,$A9) -> 0 | C9: =IF(COUNTA('Treatment History'!$C$5:$C$154)=0,"",$B9/COUNTA('Treatment History'!$C$5:$C$154)) -> 0
A10: Wrist Pain | B10: =COUNTIF('Treatment History'!$C$5:$C$154,$A10) -> 0 | C10: =IF(COUNTA('Treatment History'!$C$5:$C$154)=0,"",$B10/COUNTA('Treatment History'!$C$5:$C$154)) -> 0
A11: Hip Joint Pain | B11: =COUNTIF('Treatment History'!$C$5:$C$154,$A11) -> 0 | C11: =IF(COUNTA('Treatment History'!$C$5:$C$154)=0,"",$B11/COUNTA('Treatment History'!$C$5:$C$154)) -> 0
A12: Knee Pain | B12: =COUNTIF('Treatment History'!$C$5:$C$154,$A12) -> 0 | C12: =IF(COUNTA('Treatment History'!$C$5:$C$154)=0,"",$B12/COUNTA('Treatment History'!$C$5:$C$154)) -> 0
A13: Ankle Pain | B13: =COUNTIF('Treatment History'!$C$5:$C$154,$A13) -> 0 | C13: =IF(COUNTA('Treatment History'!$C$5:$C$154)=0,"",$B13/COUNTA('Treatment History'!$C$5:$C$154)) -> 0
A14: Stiff Neck | B14: =COUNTIF('Treatment History'!$C$5:$C$154,$A14) -> 0 | C14: =IF(COUNTA('Treatment History'!$C$5:$C$154)=0,"",$B14/COUNTA('Treatment History'!$C$5:$C$154)) -> 0
A15: Frozen Shoulder | B15: =COUNTIF('Treatment History'!$C$5:$C$154,$A15) -> 0 | C15: =IF(COUNTA('Treatment History'!$C$5:$C$154)=0,"",$B15/COUNTA('Treatment History'!$C$5:$C$154)) -> 0
A16: Sciatica | B16: =COUNTIF('Treatment History'!$C$5:$C$154,$A16) -> 0 | C16: =IF(COUNTA('Treatment History'!$C$5:$C$154)=0,"",$B16/COUNTA('Treatment History'!$C$5:$C$154)) -> 0
... A29: Others | B29: =COUNTIF('Treatment History'!$C$5:$C$154,$A29) -> 0 | C29: =IF(COUNTA('Treatment History'!$C$5:$C$154)=0,"",$B29/COUNTA('Treatment History'!$C$5:$C$154)) -> 0
A31: Practitioner signature: ______________________________
A32: Printed name: ______________________________ Date: ______________
